text,ekman_label,nrclex_pred,deberta_pred
"I didn't know that, thank you for teaching me something today!",joy,joy,joy
You’re welcome,joy,joy,joy
I've also heard that intriguing but also kinda scary,fear,fear,fear
"i mean, yeah tbh.",joy,joy,joy
You sure? They seem so much brighter on screen lol,joy,joy,joy
OP is just a kid. Let's just move on.,joy,joy,joy
"""But Aunt [NAME], I don't *want* to send Grandma back to Italy!""",anger,anger,anger
Yea... I'll have to pass on the carpool with a username like that,joy,joy,joy
I'm sorry that's what you read because it isn't what I said.,sadness,sadness,sadness
Thank you for articulating this for me. It's just like that.,joy,joy,joy
Loving everyone so far. This is going to be a great season.,joy,joy,joy
Thanks will check them out!,joy,joy,joy
I’m so sorry 🤪,sadness,sadness,sadness
"Help, help, I'm being repressed!",fear,sadness,sadness
Crap. I need more Excedrin. STAT.,sadness,anger,anger
New Haven has tons of locations that have strong cyber punk-y vibes at night!,joy,joy,joy
Wouldn't wipe my arse with it.,anger,anger,anger
it is actually called a mechanical bull,joy,joy,surprise
No point in getting rid of Keemun for another Keemun.,anger,anger,anger
All the ladies can stay at my place.,joy,joy,joy
You have a nice bro.,joy,joy,joy
"Wow, an [NAME] sighting",surprise,surprise,surprise
"It depends on who you ask. i didnt downvote you, im answering now",anger,anger,anger
"Or finishing in 91 minutes and sitting there for another half hour, bursting for a piss",anger,surprise,anger
The worst bbq in Texas Edit: Some of you are getting seriously r/wooooshed It's their slogan.,anger,disgust,disgust
Fuck you.,anger,anger,anger
"The original is funnier... or at least it's funny, to begin with.",joy,joy,joy
"That’s normal for girls, lol.",joy,joy,joy
Proud of you.,joy,joy,joy
"Yeah, even though I give it to him that it was confusing that they designed Crysis 1 for PCs that wouldn't come out for like 5 years.",surprise,anger,surprise
"I didn't know that, thanks for the clarification.",joy,joy,joy
"Didn't know that sub, thanks!",joy,joy,joy
"Nah, he's much smarter than I am about soccer.",joy,anger,anger
Praying for me family.,joy,joy,joy
Not shocked by the subs [NAME] is active in...,surprise,surprise,surprise
"Fascism doesn't even exist in America. [NAME], these kids are so sheltered. ",joy,sadness,anger
"Hate to be that guy, but that's not DDR, that's Pump It Up, the Korean DDR rip-off.",disgust,anger,sadness
"Yes, he did. ",joy,joy,joy
*10 minutes of awkward roleplay*,sadness,sadness,sadness
thats amazing!! Congrats!,joy,joy,joy
I did twist my ankle trying to play that on DDR.,sadness,joy,sadness
The sad part about this is that these memes are more Gen Z if anything...,sadness,sadness,sadness
Clearly not well enough,anger,anger,sadness
"If everybody put down their camera to help, what would you be doing right now?",surprise,surprise,surprise
No I wish. They don't come to Texas very often.,joy,anger,anger
Thank you! I ended up assigning a dbq and paired students up,joy,joy,joy
And oops AND a yikes. Maybe even as much as an OOF. Definitely a wow from me,joy,surprise,surprise
This has already been posted on this subreddit but thanks.,joy,joy,joy
I'm confused. Where did I propose anything? I'm just describing how things currently work and what to consider...,surprise,surprise,surprise
"Let it go, look to the future, do not live in the past",joy,anger,anger
"So she knows of 3 languages, Wonder what they are?",surprise,surprise,surprise
Oh [NAME] it's happening again!,surprise,surprise,surprise
I'm going Saints and Chiefs. Although I think the Chiefs-Pats game could go either way,surprise,joy,joy
No! They’re still on the sidewalk right there! With literally absolutely no way around them!,anger,anger,anger
Time flies when you're a semiprofessional quotemaker. I wonder what he's up to these days.,surprise,surprise,surprise
thank you !,joy,joy,joy
"And then you're stuck on that medication for life, sounds like a scary trade-off.",fear,fear,fear
Thank you; I tried.,joy,joy,joy
Me either. But I sometimes fantasize about it.,joy,joy,joy
Before all of the BS lol,joy,joy,joy
I'm so doing this!,joy,joy,joy
Excitement for new regulation and taxation in the ancap reddit?!?,surprise,surprise,joy
Welcome home!,joy,joy,joy
"Rematch against UVA, eh? First one to 40 wins!",surprise,surprise,surprise
lol why don't you read about the Iceland one and get back to me.,joy,joy,joy
"Narrator: ""They did not""",anger,anger,anger
"[NAME]?! Is that [NAME]? I know ""meegwetch"" means thank you lol",joy,joy,joy
Happy cake day to him,joy,joy,joy
Yes. Ignore and move on,joy,anger,anger
This doesn't belong on the competitive sub; it doesn't have anything to do with the competitive aspect of the game.,anger,anger,anger
*looks at YouTube comments sections* Um. I'm not so sure.,surprise,surprise,surprise
Yes! My Big Fat Fabulous Life,joy,anger,joy
Sorry your right,sadness,sadness,sadness
I missed that part unfortunately,sadness,sadness,sadness
So handsome,joy,joy,joy
No superbowl @ lambo for this generation; hopefully global warming will make an impact in the next 30 years. :),joy,joy,joy
"Wow, 5 downvotes in 3 minutes. Go you!",surprise,surprise,surprise
Thanks a bunch <3,joy,joy,joy
I just want tk be a random scumbag,joy,joy,anger
This was so touching ❤️❤️❤️,joy,joy,joy
Wait... dogs can’t use ladders!,anger,anger,anger
What the fuck is this about?,anger,anger,anger
Lol omg yesssss. Probably the best suggestion anyone ever told me 🙌🏼,joy,joy,joy
Why would I do that?,surprise,surprise,surprise
"Subscribed to sjwstories, thanks for informing me about that one!",joy,joy,joy
out of everyone why AC?,surprise,surprise,surprise
how does asperger feel like,surprise,surprise,surprise
Agreed. There is r/clevercomebacks but this is just not even that.,joy,joy,joy
All it takes is just a bit Practice and thanks!,joy,joy,joy
"As a lifelong single person, [NAME] offends me. Feels like I'm apart of some demographic that they can live without :(",sadness,sadness,sadness
So creepy. Made me check my locks.,anger,fear,fear
Which side story? Thanks for the info!,joy,joy,joy
"No, it's not that one",anger,anger,anger
"Thank you, its like if you looked a camera that was taking a picture of your ear, you wouldn’t be able to see it.",joy,joy,joy
:) thank you!,joy,joy,joy
That's sad. I'm 16 and where I am there are loads of athiests my age. It's great.,joy,sadness,sadness
"I think they are being sarcastic, notice the /s ",anger,surprise,surprise
Now we need [NAME] to reunite with [NAME],joy,joy,joy
"Rest in peaches J2D or whatever his name was, nice meme",joy,joy,joy
Raise them early in the way of the Braves! Congratulations!,joy,joy,joy
I was there in 89-91. Some of the best years of my life.,joy,joy,joy
Thank you.,joy,joy,joy
"Thank You, that does seem to be the consensus. ",joy,joy,joy
"Did anyone else read this and say ""Fuck yeah!""?",anger,surprise,surprise
That specific block is probably one of the worst in the city.,anger,disgust,disgust
She is probably cheating on you. :(,sadness,anger,sadness
Why would you mention [NAME]? Lol,joy,surprise,joy
Don’t tempt me!,anger,anger,anger
U guys are like match made in heaven ♥️♥️♥️,joy,joy,joy
"First [NAME], now [NAME]. Stop the conks. Please. ",anger,anger,anger
This is one of the worst I've seen...,disgust,disgust,disgust
Almost like being in Love by [NAME].,joy,joy,joy
You seriously reposted your repost of the same repost you reposted again.,anger,anger,anger
Before telling you anything....what exactly do you want out of this?,surprise,surprise,surprise
"Aww, thank you [NAME] for capturing me!!",joy,joy,joy
Ohh.. Thank you!,joy,joy,joy
Well thanks for sharing. I loved it. Do you know of any others from them that aren't well known?,joy,joy,joy
Shit you are right! I can't believe I forgot to mention that as well! Thanks for pointing that out ;),joy,anger,joy
no one cares my guy,sadness,sadness,anger
Maybe [NAME].,anger,surprise,surprise
She's absolutely stunning in that photo,joy,joy,joy
"Man, I assumed it was already out and I'd missed it.",surprise,sadness,sadness
Idiots are downvoting your correct comment.,sadness,anger,anger
Oooh. Look! Big man over here!,joy,joy,surprise
Fuuuuuck. That’s the worst I’ve seen.,anger,disgust,disgust
It is. You generally need 5 down and 5 up to play reliably. Also wired.,anger,joy,joy
Surprise my what now?,surprise,surprise,surprise
Go play Farmville if you can't keep it up.,anger,anger,anger
"Omg, thank you!",joy,joy,joy
This is amazing,joy,joy,joy
Adoration is definitely something I could do more of. Thank you!,joy,joy,joy
I don't find anything about women appealing.,anger,anger,anger
This is creepy.,fear,disgust,fear
Why is neighbour spelt incorrectly?,surprise,surprise,surprise
You’re not a loser. You’re a whole and complete person unto yourself.,joy,anger,joy
"Lol you're so close to getting it, dude. So close. ",joy,joy,joy
Thank you for clarifying. I was just thinking about how picky a lot of my family is (adults as much as kids).,joy,joy,joy
Sorry you had to live there. Good news is they are demolishing it in 2020.,sadness,sadness,sadness
/u/897w346354365fdddfs said: > You're funny You're shilly,joy,joy,joy
Great idea! Thanks :),joy,joy,joy
"Ah, a classy man",joy,joy,joy
"[NAME] funny, girl.. not so much ",joy,joy,joy
At least she's correct,joy,joy,joy
"Of course man, I really appreciate this. But it's okay, I can just message you through here. It's fine:)",joy,joy,joy
Dave & Buster’s is a great suggestion!,joy,joy,joy
"Congrats! Enjoy a free slice, I think you know what to do with this 🍕",joy,joy,joy
You mean I shouldn't be doing treating it that way now?,surprise,surprise,surprise
[NAME] wept.,sadness,sadness,sadness
I haven't seen a single [NAME] article. But there have been a few [NAME] articles around recently.,surprise,sadness,surprise
I will thanks :),joy,joy,joy
Fixed That For You,joy,joy,anger
Those fingers disturb me the most,anger,anger,sadness
Thanks man 🙏🏽,joy,joy,joy
Want too big and lean to be naturally achievable.,joy,joy,anger
Absolute queens! ❤🏳️‍🌈🏳️‍🌈🏳️‍🌈,joy,joy,joy
Drive safely now.,joy,joy,joy
Uhhh I want someone to do this for me!,joy,joy,joy
Really? First I’ve heard of it lol.,joy,joy,joy
"Try nonchalantly handing them your card as if they had dropped it. I think its normal to be shy. *handing on exit, otherwise it could get awkward",sadness,sadness,sadness
"My ETL been trying to tell us every box should take us 30 seconds max, and everyone ive asked about that has laughed and called it bullshit",disgust,joy,anger
Praise the [NAME] for REALITY! WOOF!!!!!,joy,joy,joy
Then why isn't he the one wanding people?,surprise,surprise,surprise
What a finish,joy,surprise,joy
What a nutbar lol,joy,joy,joy
Oh I wish. 40.,joy,joy,joy
Guilty as well!,sadness,sadness,sadness
"Thanks so much, I appreciate the feedback and will send it along the way.",joy,joy,joy
"Yeah, and in Brazil we write only in cursive so I don't get those people.",joy,anger,anger
"I'll see what I can do, thanks man.",joy,joy,joy
"""Moose killed my parents.""",anger,sadness,sadness
"It doesn’t work as well as you’d think, but thanks either way",joy,joy,joy
Yeah I wish they could just finish 9th every year in the conference,joy,joy,joy
Added to my meme folder. Thanks!,joy,joy,joy
"Thank you for the great recommendation. I'll get on that as soon as I can, and keep you updated.",joy,joy,joy
"I'm struggling to find what you're referring to here, could you maybe add something that points to it?",surprise,surprise,surprise
"Thank you, I know you’re right, I’m just overthinking for sure ",joy,joy,joy
I met bf of 3 yrs on it,surprise,joy,joy
"Best not let [NAME] near him, what with her oils and all...",anger,joy,anger
It’s a nice basket.,joy,joy,joy
"Yep, minimizing massively",joy,anger,joy
"Thanks very much, so do I! :)",joy,joy,joy
I’m sorry but [NAME] has better memes,sadness,sadness,sadness
Loved it!,joy,joy,joy
"Shaving her legs, hoping the video didn’t cut short and that’s all she shaved in there....",joy,joy,joy
Great post thank you ❤️,joy,joy,joy
Thank you for posting this. I never heard this particular interview before.,joy,joy,joy
As it should be. Great.,joy,joy,joy
That was what was most nauseating for me honestly. Not a single period used once.,disgust,surprise,disgust
I didn’t know I’m sorry,sadness,sadness,sadness
Tbh I think there are a lot of parts of chicago that are way shittier than memphis,anger,surprise,anger
Brilliant! I have absolutely no idea what's going on.,joy,surprise,joy
Cheers for the reply ;),joy,joy,joy
"*DRAINS, CLOGS, BACKED UP LOGS [NAME]!* *OH, NO, TOILET OVERFLOW [NAME]!*",anger,anger,sadness
you really think the walls gonna cost 5 billion?,surprise,surprise,surprise
Is that a tooter lol,joy,joy,joy
"None, I know nobody or have anyone nearby who can help.",sadness,surprise,sadness
Lol you could have just said that,joy,joy,joy
"She looks like a petite adult to me, her face is obviously adult",joy,anger,joy
"Link pls, I need to see this! ( I bet he dropped it)",joy,joy,joy
Good kid.,joy,joy,joy
What a legend,joy,joy,joy
"But one-third jokey, one-third pissed and one-third dead serious just doesnt have the same ring does it?",surprise,surprise,surprise
Don't you're making me paranoid man,fear,anger,fear
"Nope, you're right, it's the same tweet you're thinking of, check the date. ",joy,joy,anger
what does dw mean?,surprise,surprise,surprise
oh pls no,anger,sadness,anger
Is she single?,surprise,surprise,surprise
Wtf? Really?,anger,surprise,surprise
"You're right, it's relatable. Hope everything's OK for you ",joy,joy,joy
Thanks for your response,joy,joy,joy
That’s impressive you can tell that from the back of his head,joy,joy,joy
I like you.,joy,joy,joy
They are new but got over 100 reviews in less than a month so I'm assuming they are just slammed. Thanks for the input,joy,joy,joy
"Anti-vaxers aren't funny anymore, now they're just scary...",fear,fear,fear
I can see why you’ll never be in a leadership position.,anger,surprise,anger
No! You can't have that one! That's a coconut cake!,anger,anger,anger
Thank fucking [NAME].,joy,joy,anger
NEVER RUNNING FROM A REAL FIGHT!,anger,anger,anger
I miss [NAME],sadness,sadness,sadness
Unexpected Hail corporate.,surprise,surprise,surprise
Thank you! And yet he's called about 5 of the same on Laca,joy,joy,joy
"Exactly, you need a Hollywood woman of age to pair off with him. Past 35 should be fine right?",joy,surprise,joy
"thanks for the reply jzplayinggames, have a great weekend.",joy,joy,joy
"Video games are great, but sometimes it’s nice to unplug and play a game of Jenga with your cat",joy,joy,joy
Dipo always be in our hearts. The one that got away,joy,sadness,sadness
stay strong!,joy,joy,joy
"Damn, that was brilliantly put. Thank you. I screenshotted it to use on Twitter. Is that ok? ",joy,anger,joy
"That may be — we are talking about the stock market, though. :)",joy,joy,joy
Good Job,joy,joy,joy
"If ""everything is political"" then nothing is political because it's all the same. You know what I meant by ""political"".",anger,surprise,surprise
When is EVO,surprise,fear,surprise
No wonder why their logo always looks pissed,anger,surprise,anger
Thanks for the info! Great pic. I’ve saved it.,joy,joy,joy
Oh [NAME]!,joy,surprise,surprise
Don’t I know it! I can’t believe this breading station thing is so enormous.,surprise,surprise,surprise
Beast milk. My favourite!,joy,joy,joy
Tf is a smartpass+?,surprise,surprise,surprise
"I will, Thank you!!",joy,joy,joy
Surprised he's in. Imagined he was concussed. He was on another planet for a bit.,surprise,surprise,surprise
Awe that one was just for me but I really like the post,joy,joy,joy
So they are up thanks,joy,joy,joy
"You probably just have a fashion preference, if you arn't dysphoric about it then you don't have another gender really. ",surprise,anger,anger
Why is this still not banned,anger,anger,surprise
Not from but I lived there for 12 years until very recently,joy,surprise,surprise
Ignorance is unfortunately a part of mankind. We are still so Un-evolved,anger,sadness,sadness
nice!! I'll try this one,joy,joy,joy
I wouldn’t mind [NAME] on a 4 year contract,joy,anger,joy
Pretty nice to see CONCACAF signing for the CPL.,joy,joy,joy
I think it’s [NAME],surprise,surprise,joy
Did he actually knock himself out?!,surprise,surprise,surprise
not writing some stats today [NAME]? just curious xD,surprise,surprise,surprise
" You're welcome, I think.",joy,joy,joy
"[NAME], just keep doing exactly what you’re doing. I LOVE YOU SO MAAAACH.",joy,joy,joy
Omfg. I meant [NAME],surprise,surprise,joy
"[NAME] is not fascist. Heck,she's not even alt-right",anger,anger,anger
I think you should nourish it with activated almonds.,joy,anger,joy
I wish that too.,joy,joy,joy
I THOUGHT I HAD MY WILL ALREADY COPIED AND FORGOT I HAD THIS IN MY CLIPBOARD,surprise,fear,surprise
"Heya, how would u rate this story? Esp compared to 2 before? ;)",surprise,surprise,surprise
Why do you feel like you have to figure out what life is alone?,surprise,surprise,surprise
That poster is amazing. He needs to sell these online!,joy,joy,joy
"Dude, its **life** it's not **trauma**. Grow up ",anger,anger,anger
"Remember, we still have freakin' Alaska",surprise,surprise,anger
Thanks Harvard!,joy,joy,joy
What makes it ok as it is?,surprise,surprise,surprise
Thanks. And wow! Nice burn.,joy,joy,joy
"Wow those girls in the corner ""twerking"" were the best (worst?) part. ",joy,surprise,surprise
Who wrote the IQ tests?,surprise,surprise,surprise
Yeah I think this is a well rounded pov. Agree.,joy,joy,joy
Watch the FO not sign anyone. That would be the most dodgers thing ever.,anger,anger,anger
r/forhonor leaking again?,surprise,surprise,surprise
"Maybe she was attempting to be ironic? I dunno, man, people are just an enigma.",surprise,surprise,surprise
This is terrifying,fear,fear,fear
not in the slightest. im actually dumbfounded.,surprise,anger,surprise
"It's ok, it's just Gypsy Danger",joy,fear,joy
"Me too, [NAME]. Me too... ",joy,joy,joy
Happy cake day!,joy,joy,joy
Fantastic thanks! If there’s anything I can do to help you out with the interview or your first year teaching let me know!,joy,joy,joy
"Yo where they at, I want to celebrate with them.",joy,surprise,joy
Imagine what he thinks of TLJ...,surprise,surprise,surprise
[NAME]. Im sorry,sadness,sadness,sadness
I must've missed them. Looking again but if you have a moment can you link it?,surprise,surprise,surprise
"Lol, right? Who says that before banging? “Is you ovulatin?” SOOOO repulsive. 🤮🤮",disgust,surprise,disgust
THIS IS TRAUMATISING,sadness,anger,anger
Can you please update me! I'm in the exact position! 24FHL with 21MLL,surprise,joy,surprise
Excited for this project to be finished when I retire in 30 something years.,joy,joy,joy
Thank you...next,joy,joy,joy
Wack. Oh heard some 17 year olds are doing it too.,surprise,surprise,surprise
Interesting. Never heard of it. Do you like it?,joy,surprise,surprise
Love me some sushi! Have yo give this a try!,joy,joy,joy
What a game.,surprise,sadness,joy
What a horseshit response,anger,joy,anger
[NAME] I wish that was a more active sub :(,joy,joy,joy
Best sub ever,joy,joy,joy
oh the irony,joy,surprise,surprise
"Maybe you can't, but plenty of other people would be able to.",joy,anger,joy
Yikes I cringed hard,surprise,fear,fear
No idea but as of last year there was a cat that liked to hang out there. Hope he’s okay ❤️,joy,joy,joy
"Cheers to that, girl. 🥂 ",joy,joy,joy
Seriously?,surprise,surprise,surprise
Bless you.,joy,joy,joy
Happy MLK day,joy,joy,joy
Same.. If I'm particularly stressed out someone just walking down the same road as me feels like they're invading my space.,joy,fear,fear
Why yes that ass is flawless,joy,surprise,joy
Thanks [NAME] for holding on to our $17.5M. We will be needing that back though.,joy,joy,joy
Wow. Thanks for this.,joy,joy,joy
Maybe I’m unsure of that,surprise,surprise,surprise
Well everyone is entitled to their opinion but I think you need to be a bit more mature about everyone having different bodies,joy,joy,joy
Glad someone brought that up.,joy,joy,joy
"Ahhh, I see it now. Thanks.",joy,joy,joy
Sadly enough I was thinking the same.,sadness,sadness,sadness
"Yes! My SO does that, unfortunately the requirements are stricter and I can't :(",sadness,sadness,sadness
This is exactly what it's been like. I feel personally victimised by it all,sadness,joy,sadness
You mean anti-intelligent,surprise,anger,anger
Yow thats gnarly.,fear,fear,disgust
But what’s the point of not having the brakes?,surprise,surprise,surprise
Great post! I have tried online dating in the past and I've noticed these things before.,joy,joy,joy
Still can't see. Thanks.,joy,joy,joy
I wondered the same thing. I never knew that this is a thing.,surprise,surprise,surprise
"I'd buy this and use the ""wash, dry, fold"" setting exclusively. Sounds great to me. ",joy,joy,joy
Best bedtime Christmas story ever.,joy,joy,joy
Aw thanks!!!,joy,joy,joy
That’s better:-) now go get em tiger,joy,joy,joy
This would be very much appreciated.,joy,joy,joy
ha ha LOL guys aren't we so QuIrKyyyy,joy,joy,joy
"That's what I came here for, thanks",joy,joy,joy
i got the auto reply a day ago,surprise,joy,surprise
No thanks probably stank af.,anger,joy,anger
"wow this seems like a huge ᴡᴀsᴛᴇ ᴏ- ᴡᴀɪᴛ ᴀ ᴍɪɴᴜᴛᴇ. ɴᴏ, ᴛʜɪs ɪs ɢᴏᴏᴅ",joy,joy,surprise
Thank you :),joy,joy,joy
there's a lot of lol revs people whenever [NAME] tweets something like this,joy,joy,joy
Honestly right now I just need to know why our usernames are so similar. Haha...,joy,joy,joy
"Yes, thank [NAME] the wisest of [NAME] live outside your country",joy,joy,joy
Dam 😣 that was awesome!,joy,joy,joy
"Yes owe I believe 13,000$ something on it currently.",joy,joy,joy
"No thanks, he’s already been flushed",anger,joy,anger
Nuh uh. She didn't go to Gudger College.,anger,anger,anger
"CANADA! HOW ARE YA, NOW?",joy,surprise,surprise
I can see the place where I grew up on here :),joy,joy,joy
Thanks for this.,joy,joy,joy
I’ve still not noticed the kid,anger,sadness,surprise
"Sad, but American",sadness,sadness,sadness
Not in the slightest. Who would have guessed the [NAME] would do this LMAO.,joy,surprise,joy
Wow. Did u say yes?,surprise,surprise,surprise
His returns or his W2?,surprise,surprise,surprise
Download it again.,anger,joy,joy
Youre right...shes one of my least fav characters. I think they use her as a straight foil in alot of episodes.,joy,disgust,anger
"FANTASTIC, was watching this episode last night. [NAME] is great.",joy,joy,joy
You too huh?,surprise,surprise,surprise
[NAME] is Television. Got it. He's too misogynistic to be the Patti Smith Group.,anger,joy,anger
"Rice grad here, can confirm, am owl.",joy,surprise,joy
Has he?,surprise,surprise,surprise
Similar but I don't think identical to this,surprise,anger,anger
We're one in the same!!!!!!!!!!!😂😂😂😂,joy,joy,joy
Nobody likes you nonhuman mimics and everyone knows what you are.,anger,joy,anger
"I know, I know, but CAN YOU BLAME ME FOR BEING NERVOUS",fear,fear,sadness
My wife would say that all of the above and another dozen more are cheating...and she wonders why I’ve fucked other women...,surprise,disgust,anger
Got me spitted coffee all over my phone🤣,joy,disgust,joy
Love the alliteration here.,joy,joy,joy
"Had to sober up before I could figure out YouTube, but that was amazing.",joy,joy,joy
Thanks for the help.,joy,joy,joy
My jersey has the great number 10 on it!!,joy,joy,joy
Terrible shade of lipstick she's wearing...,disgust,fear,fear
Oh of course!,joy,surprise,surprise
Before he was riding a Bronco he was riding your mom.,surprise,joy,surprise
Pretty sure it was New Orleans.,joy,joy,joy
"Eh, says who? Anyway, I like being by myself. I'm by myself right now.",surprise,surprise,joy
Hey mods... let's not allow articles pushing unsubstantiated rumour from poor sources,anger,anger,anger
Why not? Just go for it. It'll make a great story to tell at your 50th wedding anniversary party.,joy,surprise,joy
"""I have been abusive."" This was before I even realised his narcissistic characteristics. ",surprise,surprise,surprise
"Ah man I finished RDR2 twice, so decided to try out GTA V and ran into [NAME] last night! Awesome character!",joy,joy,joy
"Surprised to not see Three Arrows on the list when he went from no videos at all to over 100,000 subscribers just in the course of 2018.",surprise,surprise,surprise
"I don't remember, it was all very hazy...",sadness,surprise,sadness
Scary stuff.,fear,fear,fear
He was a part owner but did he also make videos promoting the sites?,surprise,surprise,surprise
What a turnaround.,surprise,surprise,joy
"It's not free, though. It's ridiculously expensive.",anger,anger,anger
[NAME] has some great videos on the guy. He's definitely a piece of work.,joy,joy,joy
"Hahahahahahahaa (Sorry, that is all I can say, it does not require a more intelligible comment.) ",joy,sadness,sadness
Oh. Damn.,anger,anger,sadness
Game of the conference season so far and ESPN screws up the stream with only a link to the game in Spanish?,surprise,surprise,surprise
Thanks so much! Im not sure if its directly from youtube its,joy,joy,joy
I wish I had known this when my kitty ran off years ago. 😭,joy,joy,joy
THIS BULLSHIT DOESN'T EVEN MATTER. SIGNATURE WIN. [NAME] SMELLS LIKE SHIT AND DOESN'T RECYCLE.,anger,anger,anger
Thank you for your service,joy,joy,joy
*OOH* *AH* *OW*,joy,surprise,sadness
Did you maybe get Tag and Hide and Seek confused ?,surprise,surprise,surprise
Girls super-like?,surprise,joy,surprise
Couldn't have happened to a nicer person.,sadness,joy,anger
You really shouldn’t just pat wolves you know...,sadness,anger,anger
thank you SO SO much for your help <3,joy,joy,joy
THIS MADE ME CRY,sadness,sadness,sadness
Lol there you go. Forgot to switch back from your alt for a second there.,joy,joy,joy
Awesome! Thank you!,joy,joy,joy
Probably vallied out man haha,joy,joy,joy
Thank [NAME] she did the math for us,joy,joy,joy
Oh absolutely. No way he should run in 2020. I don't know what alternatives there are though.,anger,surprise,anger
how blurry this photo is r/mildlyinfuriating,anger,surprise,anger
And why would I do that? Edit: Thanks for setting up that Walder Frey line for me,joy,surprise,joy
Unless you're the type of person who rolls through relationships every 3-6 months like clockwork,surprise,anger,anger
"Thank you, next! ",joy,joy,joy
“Lol that’s Sammie coates replacement not minds take it how you want to I am back”- [NAME] - AB,joy,joy,joy
THIS IS SO GOOD. Thank you!!!,joy,joy,joy
This is the worst take I have ever heard on cooking ever.,disgust,disgust,disgust
Glad he survived or it might have become a *dead*lift.,joy,joy,joy
A little too old to be skateboarding,surprise,sadness,anger
I will absolutely tell him this. Thank you. Congrats for making it out of the fog yourself.,joy,joy,joy
"I usually say , DON'T BE EMBARRASSED ! They don't know you anyway...mm",joy,anger,anger
What Internet?,surprise,surprise,surprise
Was he transporting animals?,surprise,surprise,surprise
Well that explains why [NAME] was able to win,joy,surprise,surprise
Thanks,joy,joy,joy
"Fair enough, but that doesn't mean she won't in 2020.",anger,anger,joy
"What part of ""Yeah but still"" do you not understand dude?",surprise,surprise,surprise
I don't feel so financially secure,fear,sadness,sadness
Dude you really like The Strokes.,joy,joy,joy
"It' kinda ironic that ""Winners"" are actually losers (they haven't realised that yet)",surprise,surprise,surprise
I cant think of anything funny to say so upvote to give me free karma,anger,joy,anger
Uh... What's stopping you from just throwing it away?,surprise,surprise,surprise
[NAME] FIRED.,anger,fear,anger
YOU LIKE TURTLES? Gimme a second.,anger,surprise,surprise
Wouldn’t be shocked for a lot of those guys to follow him to TB.,surprise,surprise,surprise
I would play the fuck out of this game,anger,anger,anger
You missed the point 🙃,anger,sadness,sadness
"Wow, so he was pulling his own little mini [NAME] scam. Explains why he couldn't use your reporting tool.",joy,surprise,surprise
Watching now. Oh wow we both didn't realize how much we hated this guy. This is one of the most quotable episodes by far.,surprise,surprise,surprise
Thanks lol someone else just filled me in on the backstory haha 😂,joy,joy,joy
Thank you thank you!,joy,joy,joy
"Welcome to The Church of Jesus Christ of Latter Day Saints, where families can be SEPARATED forever",joy,joy,joy
Kinda reminds me of that pluto pic from nasa,surprise,surprise,surprise
"BEN ""[NAME]"" LOVEJOY!",anger,joy,joy
This is awesome. But also r/dontdeadopeninside,joy,joy,joy
Oh my [NAME] that's so awkward,sadness,disgust,sadness
Why? You can tell me all about it.,surprise,surprise,surprise
"We don't know what would have happened if she'd said no, which is why most guys wouldn't ask.",surprise,surprise,surprise
"Wow look at this deep pockets eating a lentil a day, I have to slice mine to last me a month!!!",joy,joy,surprise
Did you check the bowl?,surprise,surprise,surprise
He looks so dapper.,joy,joy,joy
Lol maybe he is not but I think my point still stands 😄,joy,joy,joy
This is amazing. WTF.,surprise,joy,joy
Clearly not Cubs fans.,anger,anger,anger
Sexy teeth.,joy,joy,joy
Sure but the news article with [NAME] vanishing has been there since the very beginning.,joy,surprise,joy
"Is that you, [NAME]?",surprise,surprise,surprise
#RejectingIslam because it is the *ideas* [RELIGION] promotes that turned me away from it.,surprise,anger,anger
I am removing this post because of sourcing. Read the sidebar.,anger,sadness,sadness
why I wonder?,surprise,surprise,surprise
Adapt and overcome,joy,joy,joy
"""Thanks for showing me your red flags within the first 10 seconds of interaction.""",joy,joy,joy
I live in Canterbury haha,joy,joy,joy
Happy Together. It feels so natural.,joy,joy,joy
"Thanks for the clarification, appreciate that.",joy,joy,joy
Looks like a poached egg.,joy,joy,joy
Glad I tend to post pics of my cats and not myself.,joy,joy,joy
Is he your source?,surprise,surprise,surprise
"""I'm here for the strings"" I like this.",joy,joy,joy
It’s always nice to say something [nice]!,joy,joy,joy
Worst dad ever!,anger,disgust,disgust
Wouldn't it be easier to find 10% then multiply by 2?,surprise,surprise,surprise
" I have worked at a shitty, south side smoke shop before so I can imagine all of these interactions perfectly hahahaha",joy,joy,joy
"If Studio MDHR did this, I'd buy it.",joy,joy,joy
Thank you so much. I am sorry for what happened to you.,joy,joy,joy
Found my flair.,joy,joy,joy
it's so funny how the mods in that sub behave in comparison to the mods in this sub,joy,joy,joy
Aha thank you!. I didn't know there is a ca one,joy,joy,joy
This isn't even his highlight of his week. It's the highlight of the last few decades. Damn onions.,joy,anger,anger
Oof nice one bro,joy,joy,joy
Way too much fuuuck,anger,anger,anger
Ok im om the hunt thanks,joy,joy,joy
"I wouldn't ever make a broad generalization like that. Typical honkies, assuming stuff",anger,anger,anger
"What’s populism? I’ve seen it a lot lately and it seems to have, as far as I can tell...no meaning.",surprise,surprise,surprise
Why the fuuuhhh,anger,surprise,anger
I'll have one in front and one behind. Please and thank you!,joy,joy,joy
"Of course, us first borns gotta stick together. ❤️",joy,joy,joy
This!!! 🐃 and 💍 for your hard work!,joy,joy,joy
I'M MR. [NAME]! HOW DID WE GET ROPED INTO THIS?,surprise,surprise,surprise
Anyone else feel like [NAME] came dressed as [NAME]?,surprise,surprise,surprise
Live about 2 mins from there. Love the view of Waramaug from Tanner Hill.,joy,joy,joy
It’s shocking isn’t it? I paid less for a flight from London to Manchester than it would have cost for the train.,surprise,surprise,surprise
> It’s generally viewed upon as being one of the worst [NAME] games ever made. No it isn't. Source that claim.,anger,anger,anger
* yes * yes * yes * yes,joy,joy,joy
This is awesome! do you have any more artwork on a website or social site? Is this for sale!?,joy,surprise,joy
Free weed lol don't get what you're complaining about.,joy,joy,anger
"I realised after I typed it, but I left it up. I feel sometimes in life, you just gotta take the L. ",surprise,sadness,surprise
"want* a source on that, sorry.",sadness,sadness,sadness
Same. I was not rooting for the Pats. I WAS rooting against the chiefs. The AFC West is ours and ours alone :),joy,anger,anger
"Oh, [NAME], don't bring THAT story up!",anger,surprise,anger
That all-star who won the calder,joy,joy,surprise
Yeah super confused about that considering it was only [NAME] she had beef with lol,joy,joy,surprise
Does negging ever actually work?,surprise,surprise,surprise
36 and definitely not what I used to be... still ok though!!!,joy,anger,anger
"Damn, thanks for the source!",joy,joy,joy
I literally didn’t but ok,sadness,joy,anger
">I want to ride my bicycle I want to ride my bike Ah yes, truly makes you think ",joy,joy,joy
IT'S NOT FUNNY HOLLY.,anger,anger,anger
"I have no idea, lol. Have my upvote.",joy,joy,joy
Well they got removed so I’m not sure if I want to see it anyway.,anger,surprise,surprise
"yes please, would make thing less overthinking and stressful ",joy,joy,joy
So kinda like an assistant? Interesting,surprise,surprise,surprise
I I'm so honored,joy,sadness,joy
I was JUST thinking about how much I enjoyed Swalla la laaaa last night too!,joy,joy,joy
That number seems a bit low to me,sadness,sadness,anger
"So more [NAME]? No thanks. Love the guys, but that’s for side projects. ",joy,joy,anger
I like waitresses. Aren't they swell.,joy,anger,joy
by deep pockets do you mean the Fleshlight?,surprise,surprise,surprise
This is amazing!!,joy,joy,joy
"You're my mvp for the night haha. I'll drop by there tonight, thanks!",joy,joy,joy
"Thanks for the reply! I’ll probably just smoke, as you said, once maybe twice a month. Thanks again!",joy,joy,joy
"Not my opinion either, but the soundtrack is easily one of the best parts of the game. It’s incredible.",joy,joy,joy
They said Texas! #Woooooo TEXAS,joy,joy,joy
Thank you! 💓❤,joy,joy,joy
I bet you could get away with this at work just fine.,joy,joy,joy
"Well you wrote out this big comment, and it reads well but when you actually think about what you’ve said, IMO it really means nothing.",sadness,joy,anger
Former [NAME]? I've been scared already by [NAME] who were former d-line,surprise,surprise,fear
Which one is he playing?,surprise,surprise,surprise
"That’s so scummy, I’m hoping the pepperoni just slid down? ",joy,surprise,disgust
"I realize that, but the picture is still funny",joy,surprise,surprise
Omg rattos are the best aren’t they<3,joy,joy,joy
I really relate to this.,joy,joy,joy
I didn't downvote you but Emirates 1st class suites are ridiculously nice.,joy,anger,anger
For me it's New York City FC since it's just a train ride away,joy,joy,joy
Oh my [NAME] yea!,joy,surprise,surprise
"Uh, people kept asking me if I was jailor and I said no, and based on this chat you can also see that jailor is not smart.",anger,anger,anger
Are you okay?,joy,surprise,joy
"I'm shocked! Shocked! Well, not that shocked.",surprise,surprise,surprise
Well I WISH SOMEONE WOULD'VE TOLD ME THAT,joy,joy,joy
Did you noticed they removed my post? Yep.,surprise,surprise,surprise
Better than mine.,surprise,joy,joy
I sent this to my mom and she actually watched it,joy,fear,surprise
You really dont have a day off do you,surprise,anger,anger
I feel like this is just a really old meme lol,joy,joy,joy
"This is **NUTS**!!! I still use both of these on my boyfriend, who thankfully watched this season with me and also hated [NAME]. ",joy,joy,anger
Bless you.,joy,joy,joy
"Tell us your story, too, [NAME] :) Sooooo many more details to mine, ooooofffff... i tried to be brief",surprise,anger,surprise
Idk why you got downvoted but heres an upvote,surprise,surprise,surprise
Someone tell me how to feel about this,surprise,fear,surprise
How many wins are they into those ranks and at what winrate. Regardless thanks for the info.,joy,joy,joy
"I do have a drain beside the water heater, thanks I'll look into getting a drain pan.",joy,joy,joy
Wondering why this hasn’t been made a thing yet 😂,surprise,surprise,surprise
Is that her phone in her back pocket?,surprise,surprise,surprise
One thing I appreciate about the Prequel trilogy is that it explores the rise of fascism better than *Fantastic Beasts* movies could do.,joy,joy,joy
I like this one,joy,joy,joy
do you......do you actually believe this!?,surprise,surprise,surprise
"Hey congrats man, that’s what I’m hoping happens as well!",joy,joy,joy
"I think this qualifies as r/prorevenge, honestly. Dude needs to face consequences more often, otherwise he will keep trampling over people’s boundaries.",joy,joy,anger
Lucky for me the yellow ones are my favourite,joy,joy,joy
Thank you!,joy,joy,joy
"will do, thanks for the heads up!",joy,joy,joy
Saving this. Happy 2019 to ya!,joy,joy,joy
wow - resonates with me.,surprise,surprise,surprise
I literally cried out IS THAT MATT BERRY?!?!?!?!?!,sadness,surprise,sadness
trailer fabulous!!! i miss it,sadness,sadness,joy
"Gee, thanks for waking up after being told for over a decade.",joy,joy,joy
"Praying for the one who wrote that, that he isn't gonna caught...",joy,joy,joy
"He can have his opinion, but he doesn't have to state when *no one* asked.",anger,anger,anger
Calling (some) media the Enemy of the People and Fake News - is that not impeachable in a non-bizarro world?,anger,anger,surprise
Lol sounds great but that's probably not what the OP wants to hear 😉,joy,joy,joy
"Via Napoli in Epcot is amazing, but no garlic bread (the pizza is great though). ",joy,joy,joy
"Hello, Could you try exiting the game and restarting? Please let us know if you're still getting the pop-up afterward. Thanks!",joy,surprise,joy
This is some of the worst passing I've ever seen.,anger,disgust,disgust
I WANTED GENERAL LUCK TO MARCH TO NEW ENGLAND AND *THEN* GET SPANKED UP AND DOWN THE FIELD FOR 60 MINUTES.,joy,anger,anger
Looks like goodfellow,joy,joy,joy
"He's been playing better this season though, in my opinion.",joy,anger,joy
[NAME] I loved [NAME].,joy,joy,joy
I think they might be! I'll let her know - thank you :),joy,joy,joy
Thank you! Good night!,joy,joy,joy
"Glad to see you were able to get this worked out, thx for the update! ",joy,joy,joy
" looks unreal, like it's a toy or something.",surprise,joy,surprise
"Im there as well, You get into these habits and become complacent its like your watching your life in 3rd person. For me that is.",joy,joy,anger
"Also. Read the sidebar, thank you.",joy,joy,joy
Stay strong dude,joy,joy,joy
. . . Wait a fucking second,anger,anger,anger
“[NAME] you’re still here? Geez you really are slow.”,sadness,surprise,anger
"Thought you were gonna go steak with ketchup in that last bit, ya pulled a sneaky",surprise,joy,sadness
Did you taste it,surprise,surprise,surprise
Reminds me of the podcast Welcome To Nightvale.,surprise,surprise,surprise
"You guys can downvote me all you want, but this sub is every day looking more and more alike r/gameofthrones",anger,anger,anger
Oh wow I forgot [NAME] and [NAME]. I have not read it.. have a link?,surprise,surprise,surprise
Perfect! Thanks,joy,joy,joy
"I believe that this may be meant for the person above me, for I have moved into the realm of monetized bananas. ",joy,fear,joy
"One post, 155 updogs. I've seen this raw power only once before.",surprise,surprise,surprise
"For the people and finding out how they end up? Sure. Other than that, it’s not great. Frustrating at best. ",anger,surprise,anger
[NAME] - I misspelt and can’t correct it now,surprise,sadness,sadness
"Omg, *please*",anger,fear,surprise
"This video was uploaded in October 2013, over five years ago now. This just feels like an unnecessarily inflammatory post for karma to me.",sadness,sadness,anger
ELABORATE plz!!!!,surprise,joy,anger
"It's 2019 and people are *still* saying ""SJW's?"" Ha! Hahahahaha! Oh my life. [NAME].",joy,surprise,joy
I am. I do! You're welcome.,joy,joy,joy
WHAT THE HELL!,anger,anger,anger
"Hey, thank you. :) I appreciate it.",joy,joy,joy
What about Governor [NAME]?,surprise,surprise,surprise
Pets are the best ❤,joy,joy,joy
congrats to everyone who picked the over,joy,joy,joy
There is no such Thing as [NAME] or an Almighty !,anger,surprise,anger
That sounds so awesome. Thanks for talking about it.,joy,joy,joy
Oh. Sorry.,sadness,sadness,sadness
"Sorry, but [NAME] is too POWERFUL, not to be his own character. But seriously i definitely now want this.",joy,sadness,sadness
Fight milk 🥛 lol,joy,joy,joy
Rip the guy from psych,sadness,sadness,anger
The itching probably happens when your skin vibrates from the brush.,joy,joy,sadness
Thank you. [NAME],joy,joy,joy
Thanks [NAME]. We hardly knew ye,joy,joy,joy
I sure do.,joy,surprise,joy
A crappy situation... Man oh man...,sadness,surprise,sadness
"You're going to be free one day, but never if you stop trying. Every weeks a new week, goodluck !",joy,joy,joy
Yah. I unfortunately was sitting and watching this documentary with my Mother. That was very awkward.,sadness,sadness,sadness
I like it,joy,joy,joy
"If the fan doesn't work, then I'm fine with it.",joy,anger,joy
It's alright old man we're almost to your room,joy,joy,joy
"Oof, thanks",joy,joy,joy
A *Pontiac* Montana?,surprise,surprise,surprise
Love your username,joy,joy,joy
That is in no way sexual harrassment...,anger,anger,anger
Look on the bright side. I dont know what your bright side is but just look at it.,joy,surprise,surprise
"Last game I think someone said it well, ""[NAME] like a toddler in an NBA Pro's body. ",joy,joy,joy
Cheers lad :),joy,joy,joy
Thanks!!,joy,joy,joy
Will try. Thank you,joy,joy,joy
"That's a little girl, not a sandwich.",sadness,sadness,anger
[NAME] ! Glad that we helped you.,joy,joy,joy
"Rapists can have parental rights in some states, assuming they find him.",sadness,joy,anger
Wrecking Ball clips are the best,joy,joy,joy
Lol ok 👌🏾,joy,joy,joy
That is amazing!,joy,joy,joy
Lets see how [NAME] goes in Round 6,surprise,surprise,surprise
"Wait a minute, the rich own ranches.... You're one of them!",surprise,joy,surprise
The last thing you see before entering Hell.,anger,anger,sadness
Only 2 days ?,surprise,surprise,surprise
Has Medicaid stopped? Most people I know who support this want Medicare or Medicaid for all.,joy,surprise,surprise
I just started watching Brooklyn 99 this week and was looking for this reference. Thank you.,joy,joy,joy
How is the JC-01 with juul pods. I've heard mixed reviews.,surprise,surprise,surprise
I loved [NAME] as much as anyone but he started to become really inconsistent in his final stretch here before he ended up in Charlotte.,joy,joy,joy
"Omg, unbelievably scary. Insane ",fear,fear,fear
Went in to the comments to look for this. Thanks!,joy,joy,joy
"Ah, pillars of society. No wonder MLS is so highly regarded.",joy,surprise,joy
"What is the $250,000 figure based on?",surprise,surprise,surprise
We will welcome you with open arms <3,joy,joy,joy
I think the biggest fucking thing is that apparently reaper has a goddamn family himself.,anger,surprise,anger
Thats great... Here same with me,joy,joy,joy
THATS WHAT SHE SAID...HAHAHAHAHAHAHA!,joy,anger,joy
Glad I took the 1st half spread,joy,joy,joy
Fuck a newspaper,anger,anger,anger
WHERE IS THE JOKE,anger,surprise,surprise
Still is glitched to this day.... sad,sadness,sadness,sadness
POINTER!!!!!! YOU DA REAL ALL STAR!!!,joy,joy,anger
Boner. I'd have the weirdest boner.,sadness,disgust,disgust
Tu eres very nice man,joy,joy,joy
No no. totally justified,joy,anger,anger
Thank you so much. That means a lot. ❤,joy,joy,joy
"lmaooo you're right I did mean [NAME] by that haha ""she"" lol",joy,joy,joy
"Lord [NAME] called, he wants his style back",joy,anger,joy
Welcome to Reddit!,joy,joy,joy
Oh wow. You really know your stuff. Luckily I don't have diabetes yet so that's something,joy,surprise,joy
That’s awesome! Heal up quickly,joy,joy,joy
"Irrelevant, actually You're both talking about different things",anger,anger,anger
"Thanks, it’s funny how to me this seemed a leap but not one person agrees, lol",joy,joy,joy
“Those floors with *that* paneling? Ugh! Disgusting!”,disgust,disgust,disgust
[NAME] deserves better,joy,joy,joy
Like this game from a week ago? 26 points 14,joy,surprise,surprise
Please do. lol,joy,joy,joy
OMG [NAME]!,joy,surprise,surprise
"Really visually haunting though. For me, it makes me think of strange alternate futures and dystopian sci-fi worlds. ",fear,surprise,fear
It's probably easier when they're stuck on an island,joy,joy,joy
Is that what happens is [NAME] route? I chose [NAME] and he only does once.,surprise,surprise,surprise
"Sorry, but anarcho-anything are bot welcome there",sadness,sadness,sadness
Try really warm water instead. It's awesome.,joy,joy,joy
"I now live in the Mediterranean, which is nice. ",joy,joy,joy
Thank you for the support!,joy,joy,joy
"lol Whatever that proves, sure.",joy,joy,joy
I beat my dad,anger,sadness,anger
Wonder how he feels about [NAME] now,surprise,surprise,surprise
"""By far one of the best"" Mmmm",joy,joy,joy
It's perfectly fine,joy,joy,joy
Glad I'm not the only one,joy,joy,joy
Worried me there,fear,fear,fear
It’s not even news.,anger,anger,anger
Hahahah this is awesome.,joy,joy,joy
i passed thanks everyone,joy,joy,joy
"I gotchu bro, house By Gucci Mane I’m a huge Gucci mane fan. ",joy,sadness,joy
Absolutely glorious morning. There is no better weather.,joy,anger,joy
that was so sad :(,sadness,sadness,sadness
Reminds me of [NAME] in IASIP,joy,surprise,surprise
OMG... Dad!,surprise,surprise,surprise
Saw this on r/teenagers first haha,joy,joy,joy
Yeah thats exactly what I said. Im too weak to do it.,joy,joy,sadness
Lmao servers in America make like $2 an hour with no tips.,joy,joy,joy
Man you take your sims really seriously.,anger,anger,anger
Damn [NAME] is KILLING it,anger,anger,anger
Thank you for sharing this with us,joy,joy,joy
Holy fuck. Best idea ever. Thank you.,joy,joy,joy
"I see you with Zangetsu, and I like it",joy,joy,joy
Also N.e.r.d and [NAME] reference lmao,joy,joy,joy
"Lmao, this guy is a tool.",joy,joy,anger
Sounds like a great chap,joy,joy,joy
"Oh, I realized that moments after rolling down my window, when his hand came through the space. ",surprise,surprise,surprise
[NAME] is a MOTHERFUCKER,anger,anger,anger
hahah if only he had reddit,joy,joy,joy
Not a fan of Hot Space. I like one song on there and that's Under Pressure.,joy,anger,anger
Soooo [NAME] is f**ked,anger,joy,anger
What a brave man.,joy,joy,joy
"...Nobody ever remembers [NAME]. If you could see those others, you certainly could see [NAME], which is the second biggest of the lot.",joy,surprise,surprise
Wonder what [NAME] [NAME] thinks about all this,surprise,surprise,surprise
FUCKING RIGHT COLIN WHITE AND OF COURSE MARK STONE,joy,anger,anger
In Rainbow is super amazing album as well.,joy,joy,joy
Your heart stopping is technically a natural cause.,joy,anger,sadness
"How about texts between them? ""On my way home."" ""Ok, see you soon.""",surprise,surprise,surprise
I like the way you think!,joy,joy,joy
[NAME] and [NAME]. [NAME] podcast is great.,joy,joy,joy
Is this about [NAME]?,surprise,surprise,surprise
"Funny thing is, I got mine today. Maybe it'll stop tonight?",joy,joy,joy
that’s awful🤣🤣,disgust,disgust,disgust
"People have gotten triggered on this sub the past month if you didn't call [NAME] a [NAME], so I think we can handle it.",joy,anger,joy
$20 too much,anger,joy,sadness
Goddamn. I'd tap the fuck out if I was that other guy.,anger,anger,anger
Thanks for this video. It was just what I needed,joy,joy,joy
**LET’S GO HAWKS!!!**,joy,fear,joy
It's honestly the best news I've heard all season.,joy,joy,joy
I can't imagine buds being very hard to find in Hawaii,surprise,sadness,anger
Hopefully he gets traded,joy,joy,joy
but you won't hear that from most of the press or people on this sub WHAT IS THEIR POLICY THOUGH lmao,joy,surprise,anger
"Who was it? I got here after it was deleted, and I'd like to read the comment history.",surprise,surprise,surprise
Thanks for the P.S,joy,joy,joy
What the frick. I ordered a x box card,anger,anger,anger
I honestly miss [NAME],sadness,sadness,sadness
THIS!!,joy,joy,anger
"Honestly, if you did not, then you were watching the video incorrectly.",anger,anger,anger
I appreciate it my guy! I try my best to really do research behind my opinions so I appreciate the call out.,joy,joy,joy
Interesting user name :).,joy,joy,joy
Try to think a bit harder.,joy,sadness,joy
"Calm down snowflake. Comment stalking from a week ago is really sad, especially when you're whining about something that I'm 100% right on. ",sadness,fear,sadness
thats even scarier haha,fear,fear,fear
Omg yes lol it’s the story of my life,joy,joy,joy
[NAME] is always the dirtiest psychopath,disgust,disgust,anger
"Was looking for this comment, thank you! Every so often someone will freak out over dilated pupils and post a pic here",joy,joy,joy
Gah sad high five. I tried once for a few weeks and will never try again. I need that support in my life.,joy,sadness,sadness
Why do you keep going back the them? Why should care about hillbillies?,surprise,surprise,surprise
I'm doing my best to apply that. Thank you for commenting,joy,joy,joy
No I’m not,anger,anger,anger
That's the laziest bro I've ever seen,surprise,disgust,anger
"The [NAME], a great bunch of lads",joy,joy,joy
This is the greatest thing I've read in my entire life,joy,joy,joy
That’s awesome!,joy,joy,joy
Fuck [NAME] pai,anger,anger,anger
What's up with all the gloating.,surprise,surprise,surprise
I like Shred 415,joy,joy,joy
Sending you some Ramona wine as thanks!,joy,joy,joy
You are fucking retarded,anger,anger,anger
Lost finger how?,surprise,surprise,surprise
Bahahahahaha the life of a fish parent!,joy,sadness,joy
Swear i have seen this before? had it been reposted?,surprise,surprise,surprise
"Wow, season 3 is actually out already. Need to check it out",surprise,surprise,surprise
I’m so sorry the internet has inconvenienced you,sadness,sadness,sadness
who tf has twitter on light mode,surprise,surprise,anger
His entire face is covered by a beard and sunglasses lol,joy,joy,joy
PLANT LOCAL WILDFLOWERS!!!! They come back year after year and the Pollinators will Love it.,joy,joy,joy
Yes - thank you for stating it this way - perfectly said.,joy,joy,joy
Congrats!!! Happy for you.,joy,joy,joy
"Nope, from Nebraska why? Lmao",joy,surprise,anger
This is really well put. I saved it.,joy,joy,joy
Thank you. ❤️ I really appreciate your comment,joy,joy,joy
Unemployed now re: those crummy health issues. So that probably helped.,joy,fear,sadness
I think most people have listened to bohemian rhapsody at some point thank you very much,joy,joy,joy
You should be embarrassed. Not only because you are a adulterer but because you are a pedo for thinking of your son.,sadness,anger,sadness
"Damn, still hoping...",joy,anger,joy
I’m gonna need to see that in writing before I celebrate.,joy,joy,joy
WHAT IS HAPPENING,surprise,surprise,surprise
Your point? That doesn't mean it had 2 of EVERY FREAKING LAND MAMMAL on it!,anger,anger,anger
I just saw this on netflix..... Now I'm Watching it... Then you post this.... It's like we almost watched it together...,joy,joy,surprise
I wish I was [NAME]. Source (deleted):,joy,joy,joy
"I think this is the clearest that it has ever been described. Thank you for this. It nailed it, for me anyway....",joy,joy,joy
Honestly you should have gone nuclear on him,anger,surprise,anger
Best doggo ever,joy,joy,joy
Your name needs some work LOL,joy,joy,joy
Huh... I'm left handed and have never realised I do this.,surprise,sadness,surprise
Intelligence is to know the difference between MB and Mbps. Wisdom is to not be a cunt about it.,surprise,surprise,anger
TIL cheddar cheese didn't originate in the U.S. Thank you!,joy,joy,joy
Thanks! I had a more standard name but then realized I didn't want to be findable on Reddit.,joy,surprise,joy
"Same boat here, man.",joy,joy,anger
"Awesome, let's celebrate! Send the free pack over here ;)",joy,joy,joy
Lol. Thanks for the link.,joy,joy,joy
Not as nice as [NAME].,anger,joy,anger
This is something that has to be learned from experience. Don't be hard on yourself!,joy,joy,joy
"Weird flex, but ok",disgust,disgust,disgust
"Lol, like I said, not everything is about you",joy,joy,joy
Me me big sad.,sadness,sadness,sadness
"They never will until it affects them directly, and by then it's already in the end game for us :/",anger,sadness,anger
> you're probably a little bit of a closeted nazi yourself. I'm just SHOCKED that someone named [NAME] might be a fascist,surprise,joy,surprise
looks like we got a double win today!!,joy,joy,joy
How illuminating.,joy,surprise,joy
Does [NAME] or [NAME] look happier that [NAME] chose to put his hand on [NAME] leg?,surprise,surprise,surprise
I wish more people enjoyed that sport.. when that clay explodes you get that FEEL,joy,joy,joy
This makes me want to get nipple piercings but I’m too scared to :/,fear,fear,fear
Glad to have you here :),joy,joy,joy
thank you!!,joy,joy,joy
well we all know what a complex meal sandwiches are! hahaha,joy,joy,joy
Yay! Congrats!,joy,joy,joy
I'd piss right on their floor. Fuck this.,anger,anger,anger
WERE* protesting This is not current. Misleading.,anger,anger,anger
She muctb not really be that into you,anger,anger,anger
I've always wondered how much of this stuff doesn't end up on the internet,surprise,surprise,surprise
Happy Mic Day!,joy,joy,joy
You are an amazing human being,joy,joy,joy
One of the best pubs in London. Even more likely inside!!,joy,joy,joy
You know what to do. Start telling people.,joy,surprise,joy
Hope all is well now xo,joy,joy,joy
HER VOICE IS SO GOOD no wonder she likes phone calls,joy,joy,joy
"If everyone else can figure this out, then I don't see why it's so implausible for the US.",anger,surprise,anger
"Conservative is massively brigaded on an hourly basis. Unfortunately, it requires strict moderation or else it is unreadable.",sadness,surprise,sadness
"Omg, your screen name made me lol!!",joy,joy,joy
Did you even read the post? Literally the first line says she doesn't do anything remotely house wifey.,surprise,surprise,anger
"Nope, not a [NAME] fan at all.",anger,anger,anger
"Sorry, new at ",sadness,sadness,sadness
Doesn't NY and NJ have reciprocity? Why did he have to take the NY bar at all?,surprise,surprise,surprise
Sorry I dropped this /sノ( ゜-゜ノ),sadness,sadness,sadness
Men are the worst.,anger,disgust,disgust
You've never been to England have you?,surprise,surprise,surprise
"Okay, I'll admit it. I laughed.",joy,joy,joy
BECAUSE THERE IS A SHUTDOWN ATTACHED TO IT! HOW DO YOU NOT GET THAT?,anger,surprise,surprise
"What a pretentious, self-promoting post.",joy,surprise,anger
Somebody gettin fired,anger,fear,anger
"wow, we really live in future",joy,surprise,surprise
Happy cake day!,joy,joy,joy
Looks like I posted it. Oh no!,sadness,surprise,surprise
thanks. I will read these,joy,joy,joy
"Honestly Texas deserves to win with they way they’re playing, they clearly came motivated and they’re outperforming UGA on both sides of the ball.",joy,anger,joy
"Haha, looks like it.",joy,joy,joy
DID YOU KNOW THAT CASHEWS COME FROM A FRUIT!?!?,surprise,surprise,surprise
Can you go see her in person?,surprise,surprise,surprise
I find that relatable: I too am terrified of myself.,fear,fear,fear
Terribly sad story. I loved it.,joy,sadness,joy
spark up bro. Welcome.,joy,joy,joy
My kids graduated college two years ago. Guess I missed it?,surprise,surprise,surprise
Yeah that helps. Thanks :),joy,joy,joy
You now have 3 threads about this within the last 10 hours. Pick one and stick with it.,anger,joy,anger
"[NAME] fucking [NAME] are you done yet racist motherfucker, you’re not helping society",disgust,anger,anger
Awesome use of open data. Love the app.,joy,joy,joy
Thanks you!,joy,joy,joy
I'm sad for the bot. They only want a purpose,sadness,sadness,sadness
Why the assumption that Kitchens will turn out better than JBC did? The scenarios seem very similar,surprise,surprise,surprise
[NAME] is phenomenal. It’ll be a sad day once he’s gone,sadness,sadness,sadness
No thanks.,joy,joy,anger
Great site. Never heard of it. Thank you for passing along!,joy,joy,joy
My husband and I have been circling the drain for years. :(,sadness,joy,sadness
THE ONLY RUMOR I'VE EVER HEARD IS WHETHER OR NOT THE SEARCH FUNCTION EXISTS. SPOILER ALERT: IT DOES.,joy,surprise,surprise
Why make it a video? Could have just been a text post.,surprise,surprise,surprise
Break ups are hard. Hope you feel better.,joy,joy,joy
I wish that were a thing 🙄,joy,joy,joy
That's a great comparison,joy,joy,joy
Do you have the voting link? I went on the NHL website but I didn't see anything.,surprise,surprise,surprise
That's when they brew their second cuppa before work haha,joy,joy,joy
GO SUB TO HIM HES THE BEST,joy,joy,joy
My opinion is that anyone smart enough would simply not work for [NAME] in the first place.,anger,anger,anger
Does anyone know how much the skin is supposed to cost? Edit: And does it put the lotion on it's skin?,surprise,surprise,surprise
"Thank you, man🌱",joy,joy,joy
"Daily would be great, but...life stuff like work sometimes get in the way.",joy,joy,sadness
"Waahha, ohh, they massawaaa... STOP IT. YOU CAN ACT LIKE A MAN.",anger,anger,anger
[NAME] living her best life in Germany.,joy,joy,joy
[NAME] was so much cuter then. Also WOW that interview is cringy,joy,joy,surprise
And you better fucking get there early too! Bargain shoppers don't fuck around.,anger,anger,anger
"Bi people can be attracted to trans and non-binary people, too.",joy,joy,joy
Gonna be sad when Gameday is inside a gym for shooty hoops. I already miss CFB :(,sadness,sadness,sadness
Looks like something you would see in a comedy movie.,joy,joy,joy
I loveeeeee Perth!!!! Why isn’t anyone else gushing about this town?,joy,surprise,joy
"You are correct, this happens everytime to me",joy,joy,joy
then youll do just fine!,joy,joy,joy
Thanks!!,joy,joy,joy
Hahahahhahhaha!!! Thats the right wing in a nutshell.....,joy,joy,joy
You can get a penta from 30 seconds after the quad.,joy,joy,joy
Great! Now down with [NAME]!!,joy,joy,joy
"Right, ok thank you.",joy,joy,joy
So I did. Good call.,joy,joy,joy
Thank you all for the karma I’ve gotten!,joy,joy,joy
Done. Good riddance. Thank you for your comment,joy,joy,joy
"Nobel prize, u/Otomyre, Nobel prize! I’ll see you in Sweden!",surprise,joy,joy
Wow that's not OK,anger,surprise,surprise
"I’m with you, like shouldn’t we call someone or make sure this was followed up on? This poor guy. ",sadness,surprise,sadness
Why are you trying to do that? What’s going on?,surprise,surprise,surprise
Jealousy is unbecoming,anger,fear,anger
GAA' isn't a sport...,anger,anger,anger
I dont know.,surprise,surprise,surprise
Who are these women messaging [NAME]? He looks like a very average-looking teenager.,surprise,surprise,surprise
Pretty much every Punjabi dude I've met.,joy,joy,joy
I'm sorry it happened like that for you. I really can't imagine.,sadness,sadness,sadness
Damn video made me think there was audio!!,sadness,anger,surprise
Where can I get some? These are awesome!,surprise,joy,joy
I can't understand why Pepsi and Coke are the two most popular sodas. Or why fans think they're so different.,surprise,surprise,surprise
"What a loser, sad. ",sadness,sadness,sadness
"Welcome to switzerland 😂 I see it everyday, when I'm on my way to work. ",joy,joy,joy
More admired than [NAME] [NAME] is admired by starbucks baristas. Unemployed kids. And cat ladies,joy,sadness,joy
"Wow, I don't know how [NAME] handled that",surprise,surprise,surprise
She said she was ok moving out ... now she isn’t. I have no idea.,surprise,surprise,surprise
BASED AND REDPILLED,anger,disgust,anger
What about from the POTUS?,surprise,surprise,surprise
*sigh* just take it ⬆️,joy,joy,joy
"Yes. We actually just talked about it too. Dont know if he took me seriously, but am trying. ",joy,joy,surprise
You're a turd,anger,anger,anger
Wow. This is messed up.,surprise,anger,surprise
"Beautiful place, been there in September!",joy,joy,joy
"Oh nice, gonna add that to the list. Thanks!",joy,joy,joy
I'll take a window seat for lmao at this.,joy,joy,joy
"Yes, that is exactly what happened.",joy,joy,joy
Thank you 😊,joy,joy,joy
I've been watching too much my 600lb life...I instantly hear dr. [NAME],sadness,fear,surprise
IM GOING TO GO BACK TO INDONESIA UNLESS YOU STOP PAYING CHILD SUPPORT YOU SHOULD BE SUPPORTING ALESS AND [NAME],anger,anger,anger
I just unassigned and left,anger,sadness,sadness
"It's a shortcut, dude, he just knows the map!",joy,joy,joy
Please give us updates. Oh wow.,joy,surprise,joy
I once went alert on N1 and killed 3 people.. 2 maf and a doc. Doc got resurrected later thankfully,joy,sadness,sadness
They are awesome!,joy,joy,joy
Oh 100%. And I could see [NAME] & [NAME] both picking [NAME] cause of how she wanted to play the game.,joy,joy,joy
What do you mean by delicate flowers?,surprise,surprise,surprise
Am I not supposed to have what I want? What I need?!?,anger,surprise,surprise
This could have been done in two panels and that’s honestly what annoys me the most about this,anger,anger,anger
"Okay, I'll try to find one. Sorry about that.",sadness,sadness,sadness
"Oh, my [NAME] ",surprise,surprise,surprise
He’s also got a girlfriend that he really seems to care about....,joy,sadness,joy
The best losers of grand finals cod has ever seen,joy,joy,joy
"Look [NAME] is here ""Where the fuck was he an hour ago, gary, where!?""",anger,surprise,anger
"Hope you're not [RELIGION], 'cause that ain't kosher... ",joy,anger,anger
Come on really. I’m for gay rights.,joy,joy,anger
You're a hottie!,joy,joy,joy
Thats the high life of empowerment.,joy,joy,joy
why is this hard to believe it’s totally believable,surprise,surprise,surprise
Really not sure how that’s your takeaway.,anger,surprise,surprise
He's not my type but [NAME] is handsome AF. /s,joy,anger,joy
Interesting isnt it?,surprise,surprise,surprise
[NAME] SHOT THE PUCK *AND* WE SCORE Who woulda thunk,joy,anger,anger
We can’t have that,anger,anger,anger
You got any more of that weed?,surprise,surprise,surprise
A fork and spoon could be a fapoon?,surprise,surprise,surprise
More Nice Guy IMO.,joy,joy,joy
I DON'T KNOW WHAT TO DO WITH MY HANDS,surprise,surprise,sadness
"Lol. Unfortunately, yes. >sigh<",joy,joy,joy
"I’m here, I’m here! Thank you all!",joy,joy,joy
For both of you together? The fuck company are you using.,anger,anger,anger
Who cares? 2019 season hasn’t even started,surprise,surprise,anger
I never said anything about that lmao,joy,anger,joy
Happy cake day!,joy,joy,joy
You look better when people can’t see you <3,joy,anger,joy
"I feel sorry for people that think Reddit (or even some random sub-reddit) is ""an international stage"".",sadness,sadness,sadness
"It's hard to have a nuanced opinion, innit? But I don't like everything he does. This is one if them.",anger,surprise,anger
What? I didn’t understand a thing of what you said.,surprise,surprise,surprise
The jockeys one is amazing I don't know what you're talking about.,surprise,surprise,joy
Thank you!! That’s me as [NAME]!,joy,joy,joy
"Help, I'm scared and want to go back.",fear,fear,fear
I sort of did lol. I think what I mean is that you cant look at it as an alternative to rdp,joy,joy,joy
Fuck the haters [NAME] > Everybody,anger,anger,anger
Omg yes!,joy,surprise,surprise
"Damn, I didn't know that you used to mod there.",surprise,anger,surprise
That is awesome.,joy,joy,joy
Employ the son of your biggest donor?,surprise,anger,surprise
Please stop talking [NAME].,anger,anger,anger
Glad to see [NAME] back,joy,joy,joy
I get ya man. It happens to the best of us.,joy,joy,joy
"neat, thank you!",joy,joy,joy
Oh? There's financial trouble in heaven? Lol,joy,surprise,joy
How about a downvote for the update?,surprise,surprise,surprise
Oof the way he just tossed the cat aside oof,surprise,joy,anger
"I could have gone to a party, but it's 10 outside. Sue me.",sadness,sadness,anger
"Yes she was, but I'm here now. ",joy,joy,joy
Refreshmentos! What's that? It's new!,surprise,surprise,surprise
Hope he gets rich from this too!,joy,joy,joy
Dad doesn't need to be there for 12 months. But way too step up!,anger,anger,anger
Its had enough of this life and ending it all.,anger,sadness,sadness
Hell yeah I got the 420 upvote,joy,anger,joy
Got it! Thank you!,joy,joy,joy
what's an alt right?,surprise,surprise,surprise
Thank you kindly! I'll update my resume!,joy,joy,joy
"Well I am a lady, so that would probably just freak them out. Oh, Reddit. Everyone is a man haha. ",joy,joy,joy
Thank you and your upvoters,joy,joy,joy
Who’s that cutie,joy,surprise,surprise
This is the only viable way out of Brexit.,joy,anger,joy
"Thanks. Appreciate that perspective. I'm just saying it as a counter to the ""rope is the only cope"" mentality on the incel subreddit.",joy,joy,joy
This made me spill my drink.,disgust,sadness,sadness
There’s tons of stories of animals taking care of kids....I believe the story! :),joy,joy,joy
What is normal? It should be tho....,anger,surprise,surprise
TAKE MY MONEY,joy,anger,anger
thanks for apologizing,joy,joy,joy
I can feel his cheeks puffing out.,joy,joy,sadness
How old are you?,surprise,surprise,surprise
SKAM was great. I literally binged all of S3 as soon as I got home last night.,joy,joy,joy
TeamViolet going strong fam!,joy,joy,joy
Damn that’s sad,sadness,sadness,sadness
Love the idea of these birds showing up during family gatherings and puking up trinkets,joy,joy,joy
Maybe it's fantasy.....I just feel like the stock for a lot of these Ducks is reallllll low right now,sadness,joy,sadness
So. Fucking. Tone. Deaf.,anger,anger,anger
Well fuck. I didn't think anybody cared at all...it's order than that?,anger,anger,anger
I don't understand how her hair is 'too light' or how that effects the concealer.,surprise,surprise,surprise
So. This is scary as fuck.,fear,fear,fear
And that smilie she gave the fiancé when he sat down with the sandwich....I would be scared if I was him.,fear,fear,fear
I see you utilized it. 3.5? Sad.,sadness,sadness,sadness
"What?! Now you are just reaching bro. He's not even the best bodybuilder named [NAME], [NAME] has him beat.",surprise,surprise,anger
Thanks for remembering. I have since added to my post :-),joy,joy,joy
Do you mind me PMing you for some help w/ dealing with the busy season? Thanks.,joy,joy,joy
> a complete ham sandwich Love this. Using this.,joy,joy,joy
The best LGBTQ+ FILM i have seen in years.,joy,joy,joy
Right? It’s not like her family seems like they wouldn’t have helped with her son.,sadness,anger,surprise
"Germany is the first country in Europe I've been to! Planning on Ireland next, and maybe Croatia(hoping for Germany again, though :) )",joy,joy,joy
Southern Mexico tends to always get fucked in the ass as well,anger,anger,anger
"Yes, and I looooooove it 😂😂",joy,joy,joy
This is awesome! Does anyone know if an EST version is available?,joy,surprise,joy
Love the username <3,joy,joy,joy
"Another day, another destiny! ",joy,joy,joy
This whole sub makes me sad.,sadness,sadness,sadness
Ay i saw that live. You have amazing movement! GG bro!,joy,joy,joy
"Here, kiddo. Happy cake day. You need it more than I do.",joy,joy,joy
Thank yous in the form of hand gestures you carrot cake,joy,joy,joy
HOLY SHIT CHANCE,anger,anger,anger
I am unconcerned.,sadness,fear,anger
I feel sorry for this little girl. She's legitimely scared.,sadness,sadness,fear
iS thIs a MeTapHor FoR LifE?,surprise,surprise,surprise
Or just get the fuck out and never look back.,anger,anger,anger
This... I don't think this is Ohio...,surprise,anger,anger
"Okay, I’m honestly curious as to why it is you’d assume that?",surprise,surprise,surprise
"Shhhh let them have it, they need this. They are still living in 1990 lol",joy,joy,joy
I will have one of each please. Not just far left and right. All. Any doubles you might have as well. Thanks byeee,joy,joy,joy
She better!!! .....nobody else will,joy,joy,anger
Hopefully we can get this solved soon.,joy,joy,joy
Was that an airbag at your legs/feet area?,surprise,surprise,surprise
I'd say the key difference is probably vegemite consumption...,joy,surprise,surprise
I miss the confetti cakes :(,sadness,sadness,sadness
LOVE THIS!!,joy,joy,joy
Wellllll...it's a look.,joy,joy,joy
"Nah, girl, you did great. I'm also shocked by guys who want to hook up without a condom.",joy,joy,surprise
It's a loooong story with some awkward weirdness haha,joy,joy,joy
Really? I had no idea the bioavailability was the same,surprise,surprise,surprise
Awe man thank you ♥️♥️,joy,joy,joy
"You're right, thanks for pointing that out, I've edited it now. Carry on.",joy,joy,joy
"Fantastic pub, went there last year as part of the liquid history pub tours. ",joy,joy,joy
32nd? It felt like 99th or something...,surprise,surprise,surprise
Loathing Big Pharma has nothing to do with being anti-vax.,anger,anger,anger
You beat me to it,anger,joy,anger
"By all means, go for it. We'll all be much happier when you're not dragging us down anymore.",joy,joy,joy
Completely valid point but [NAME] is better than anyone [NAME] had to work with.,joy,joy,joy
FWIW this was also posted yesterday,surprise,joy,surprise
Don't get insulted by it,joy,sadness,anger
Is there any way to somebody can please translate the notes into doc form or something? I am having trouble viewing them :(,sadness,surprise,sadness
"I've heard how hard it is to get into nursing programs, congratulations!",joy,joy,joy
I don't think this happened at all tbh,anger,anger,anger
Incredibly frustrating.,anger,anger,anger
I like it,joy,joy,joy
Ok. Good idea!,joy,joy,joy
Sorry I forgot you guys beat Pitt. Congrats on your 2 win season.,joy,sadness,sadness
If this happens in my dream then I will get up and do this.,joy,joy,joy
I don't think playing with her hair would work. Thats just creepy.,anger,anger,anger
what a psycho,anger,surprise,anger
"I know, right?! I was literally in tears Saturday night 😪 It's only 3 years old!!",sadness,surprise,sadness
"That’s what I’m thinking too, so I may just go with the referral after all. Thanks again for the help!",joy,joy,joy
Thanks. I was diagnosed with BP 1 after the hospitalization as well.,joy,joy,joy
